{
  "0": -3.872976242325656,
  "1": -2.8370994946645673,
  "2": -4.08141694872041,
  "3": -3.5951645030935424,
  "4": -3.4682058967279836,
  "5": -3.846483258760138,
  "6": -5.698451258806102,
  "7": -5.9820203070724425,
  "8": -5.217706422849144,
  "9": -5.921622642832332,
  "10": -4.502353036250536,
  "11": -3.4413243771260866
}