{
  "0": -3.4263888888888907,
  "1": -2.5583333333333336,
  "2": -3.615277777777777,
  "3": -2.9986111111111136,
  "4": -2.836111111111112,
  "5": -3.1513888888888886,
  "6": -5.25277777777778,
  "7": -5.370833333333334,
  "8": -4.534722222222221,
  "9": -5.426388888888891,
  "10": -4.3125,
  "11": -2.905555555555555
}